<?xml version="1.0" encoding="UTF-8"?>
<beans xmlns="http://www.springframework.org/schema/beans"
	xmlns:xsi="http://www.w3.org/2001/XMLSchema-instance"
	xsi:schemaLocation="http://www.springframework.org/schema/beans http://www.springframework.org/schema/beans/spring-beans.xsd">
	
	<!-- Root Context: defines shared resources visible to all other web components -->
		<bean id="userValidator" class="com.neu.webtools.RegistrationValidator"></bean>
		<bean id="jobseekerValidator" class="com.neu.webtools.UpdateValidator"></bean>
		        
		<bean id="employerValidator" class="com.neu.webtools.RegistrationValidator2"></bean>    
		<bean id="jobValidator" class="com.neu.webtools.JobValidator"></bean>
		<bean id="loginValidator" class="com.neu.webtools.LoginValidator"></bean>    
		
</beans>
