<?xml version="1.0" encoding="UTF-8"?>
<beans xmlns="http://www.springframework.org/schema/beans"
	xmlns:xsi="http://www.w3.org/2001/XMLSchema-instance"
	xsi:schemaLocation="http://www.springframework.org/schema/beans http://www.springframework.org/schema/beans/spring-beans.xsd">
	
	<!-- Root Context: defines shared resources visible to all other web components -->

		<bean id="userValidator" class="com.neu.esd.RegistrationUserValidator"></bean>
		<bean id="adminValidator" class="com.neu.esd.RegistrationAdminValidator"></bean>
		<bean id="signinValidator" class="com.neu.esd.SignInValidator"></bean>
		<bean id="flightDao" class="com.neu.esd.dao.FlightsDao"></bean>
		<bean id="personDao" class="com.neu.esd.dao.PersonDao"></bean>
</beans>
