<?xml version="1.0" encoding="UTF-8"?>
<beans xmlns="http://www.springframework.org/schema/beans"
	xmlns:xsi="http://www.w3.org/2001/XMLSchema-instance"
	xsi:schemaLocation="http://www.springframework.org/schema/beans http://www.springframework.org/schema/beans/spring-beans.xsd">
	
	<!-- Root Context: defines shared resources visible to all other web components -->
		<bean id="userValidator" class="com.neu.esd.RegistrationUserValidator"></bean>
		<bean id="adminValidator" class="com.neu.esd.RegistrationAdminValidator"></bean>
		<bean id="flightValidator" class="com.neu.esd.FlightValidator"></bean>
		<bean id="updateValidator" class="com.neu.esd.updateProfileValidator"></bean>
</beans>
