<?xml version="1.0" encoding="UTF-8"?>
<beans:beans xmlns="http://www.springframework.org/schema/security"
	xmlns:beans="http://www.springframework.org/schema/beans"
	xmlns:xsi="http://www.w3.org/2001/XMLSchema-instance"
	xmlns:tx="http://www.springframework.org/schema/tx"
	xmlns:context="http://www.springframework.org/schema/context"
	xsi:schemaLocation="http://www.springframework.org/schema/security http://www.springframework.org/schema/security/spring-security-4.2.xsd
		http://www.springframework.org/schema/beans http://www.springframework.org/schema/beans/spring-beans-4.2.xsd
		http://www.springframework.org/schema/context http://www.springframework.org/schema/context-4.2.xsd
		http://www.springframework.org/schema/tx http://www.springframework.org/schema/tx/spring-tx-4.0.xsd">
		
		<http pattern="/flights.htm" security="none"/>
		<http pattern="/thingstodo.htm" security="none"/>
<http auto-config="true">
     <intercept-url pattern="/Esd/**" access="isAuthenticated()"/>
     
      <form-login login-page="/login.htm"  />
         
 
      <logout invalidate-session="true" logout-success-url="/login.htm"
			logout-url="/logout.htm" />
			
       <session-management invalid-session-url="/login.htm">
			<concurrency-control max-sessions="1"
				expired-url="/login.htm" />
		</session-management>
     <csrf disabled="true"></csrf>
    </http>
    
    <authentication-manager>
        <authentication-provider>
            <user-service>
                <user name="admin" password="admin"  authorities="ROLE_ADMIN" />
            </user-service>
        </authentication-provider>
    </authentication-manager>

<!--  -->

<beans:bean id="daoAuthenticationProvider" class="org.springframework.security.authentication.dao.DaoAuthenticationProvider">
	<beans:property name="userDetailsService" ref="userDetailsService"></beans:property>
</beans:bean>

<beans:bean id="authenticationManager" class="org.springframework.security.authentication.ProviderManager">
<beans:constructor-arg>
	<beans:list>
		<beans:ref bean="daoAuthenticationProvider"/>
	</beans:list>
</beans:constructor-arg>
</beans:bean>



<beans:bean id="userDetailsService" class="com.neu.esd.security.UserDetailServiceImpl"></beans:bean>

<beans:bean id="dataSource" class="org.apache.commons.dbcp2.BasicDataSource">
		<beans:property name="driverClassName" value="com.mysql.jdbc.Driver" />
		<beans:property name="url" value="jdbc:mysql://localhost:3306/final_project1" />
		<beans:property name="username" value="root" />
		<beans:property name="password" value="mypassword" />
	</beans:bean>
</beans:beans>



