<beans:beans xmlns="http://www.springframework.org/schema/security"
    xmlns:beans="http://www.springframework.org/schema/beans" 
    xmlns:xsi="http://www.w3.org/2001/XMLSchema-instance"
    xsi:schemaLocation="http://www.springframework.org/schema/beans
    http://www.springframework.org/schema/beans/spring-beans-4.2.xsd
    http://www.springframework.org/schema/security
    http://www.springframework.org/schema/security/spring-security-4.2.xsd">

    <http auto-config="true">
    <intercept-url pattern="/**" access="isAuthenticated()"/>
        <form-login/>
    </http>
    
   
    <authentication-manager>
        <authentication-provider>
            <user-service>
                <user name="admin" password="admin"  authorities="ROLE_ADMIN" />
            </user-service>
        </authentication-provider>
    </authentication-manager>

</beans:beans>